<?xml version="1.0"?>
<doc>
    <assembly>
        <name>Microsoft.WinGet.RestSource.Functions</name>
    </assembly>
    <members>
        <member name="T:Microsoft.WinGet.RestSource.Functions.Common.ActionResultHelper">
            <summary>
            This Creates Action Results.
            </summary>
        </member>
        <member name="M:Microsoft.WinGet.RestSource.Functions.Common.ActionResultHelper.ProcessError(Microsoft.WinGet.RestSource.Models.Errors.InternalRestError)">
            <summary>
            This will process an Error, and create an appropriate response code.
            </summary>
            <param name="internalRestError">Error to process.</param>
            <returns>Object Result.</returns>
        </member>
        <member name="M:Microsoft.WinGet.RestSource.Functions.Common.ActionResultHelper.UnhandledError(System.Exception)">
            <summary>
            This creates a default Unhandled error and returns the result from the process error function.
            </summary>
            <param name="exception">Exception.</param>
            <returns>Object Result.</returns>
        </member>
        <member name="M:Microsoft.WinGet.RestSource.Functions.Common.ActionResultHelper.CreateObjectResult(System.Object,System.Int32)">
            <summary>
            This creates a JSON based Object Result.
            </summary>
            <param name="data">Data to Return.</param>
            <param name="code">Return Code.</param>
            <returns>Object Result.</returns>
        </member>
        <member name="T:Microsoft.WinGet.RestSource.Functions.Common.ApiObjectResult">
            <summary>
            Default OK Object Result.
            </summary>
        </member>
        <member name="M:Microsoft.WinGet.RestSource.Functions.Common.ApiObjectResult.#ctor(System.Object,System.Int32,Newtonsoft.Json.NullValueHandling,Newtonsoft.Json.Formatting)">
            <summary>
            Initializes a new instance of the <see cref="T:Microsoft.WinGet.RestSource.Functions.Common.ApiObjectResult"/> class.
            </summary>
            <param name="value">Object.</param>
            <param name="statusCode">Status Code.</param>
            <param name="nullValueHandling">Null Handling.</param>
            <param name="formatting">Formatting.</param>
        </member>
        <member name="T:Microsoft.WinGet.RestSource.Functions.Constants.CosmosConnectionConstants">
            <summary>
            This contains the constants for connecting to Cosmos.
            </summary>
        </member>
        <member name="F:Microsoft.WinGet.RestSource.Functions.Constants.CosmosConnectionConstants.DatabaseName">
            <summary>
            Cosmos Database Name.
            </summary>
        </member>
        <member name="F:Microsoft.WinGet.RestSource.Functions.Constants.CosmosConnectionConstants.CollectionName">
            <summary>
            Cosmos Collection Name.
            </summary>
        </member>
        <member name="F:Microsoft.WinGet.RestSource.Functions.Constants.CosmosConnectionConstants.ConnectionStringSetting">
            <summary>
            This is the connection string setting for the Document DB.
            This is the environment variable set in settings for the cosmos db connection string.
            </summary>
        </member>
        <member name="F:Microsoft.WinGet.RestSource.Functions.Constants.CosmosConnectionConstants.CosmosAccountEndpointSetting">
            <summary>
            This is the Cosmos Account Endpoint.
            </summary>
        </member>
        <member name="F:Microsoft.WinGet.RestSource.Functions.Constants.CosmosConnectionConstants.CosmosAccountKeySetting">
            <summary>
            This is the Cosmos Account Key.
            </summary>
        </member>
        <member name="T:Microsoft.WinGet.RestSource.Functions.InstallerFunctions">
            <summary>
            This class contains the functions for interacting with installers.
            </summary>
        </member>
        <member name="M:Microsoft.WinGet.RestSource.Functions.InstallerFunctions.#ctor(Microsoft.WinGet.RestSource.Common.IApiDataStore)">
            <summary>
            Initializes a new instance of the <see cref="T:Microsoft.WinGet.RestSource.Functions.InstallerFunctions"/> class.
            </summary>
            <param name="dataStore">Data Store.</param>
        </member>
        <member name="M:Microsoft.WinGet.RestSource.Functions.InstallerFunctions.InstallerPostAsync(Microsoft.AspNetCore.Http.HttpRequest,System.String,System.String,Microsoft.Extensions.Logging.ILogger)">
            <summary>
            Installer Post Function.
            This allows us to make post requests for installers.
            </summary>
            <param name="req">HttpRequest.</param>
            <param name="packageIdentifier">Package ID.</param>
            <param name="packageVersion">Version ID.</param>
            <param name="log">ILogger.</param>
            <returns>IActionResult.</returns>
        </member>
        <member name="M:Microsoft.WinGet.RestSource.Functions.InstallerFunctions.InstallerDeleteAsync(Microsoft.AspNetCore.Http.HttpRequest,System.String,System.String,System.String,Microsoft.Extensions.Logging.ILogger)">
            <summary>
            Installer Delete Function.
            This allows us to make delete requests for versions.
            </summary>
            <param name="req">HttpRequest.</param>
            <param name="packageIdentifier">Package ID.</param>
            <param name="packageVersion">Version ID.</param>
            <param name="installerIdentifier">Installer Identifier for the installer.</param>
            <param name="log">ILogger.</param>
            <returns>IActionResult.</returns>
        </member>
        <member name="M:Microsoft.WinGet.RestSource.Functions.InstallerFunctions.InstallerPutAsync(Microsoft.AspNetCore.Http.HttpRequest,System.String,System.String,System.String,Microsoft.Extensions.Logging.ILogger)">
            <summary>
            Installer Put Function.
            This allows us to make put requests for installers.
            </summary>
            <param name="req">HttpRequest.</param>
            <param name="packageIdentifier">Package ID.</param>
            <param name="packageVersion">Version ID.</param>
            <param name="installerIdentifier">Installer Identifier for the installer.</param>
            <param name="log">ILogger.</param>
            <returns>IActionResult.</returns>
        </member>
        <member name="M:Microsoft.WinGet.RestSource.Functions.InstallerFunctions.InstallerGetAsync(Microsoft.AspNetCore.Http.HttpRequest,System.String,System.String,System.String,Microsoft.Extensions.Logging.ILogger)">
            <summary>
            Installer Get Function.
            This allows us to make get requests for installers.
            </summary>
            <param name="req">HttpRequest.</param>
            <param name="packageIdentifier">Package ID.</param>
            <param name="packageVersion">Version ID.</param>
            <param name="installerIdentifier">Installer Identifier for the installer.</param>
            <param name="log">ILogger.</param>
            <returns>IActionResult.</returns>
        </member>
        <member name="T:Microsoft.WinGet.RestSource.Functions.LocaleFunctions">
            <summary>
            This class contains the functions for interacting with locales.
            </summary>
        </member>
        <member name="M:Microsoft.WinGet.RestSource.Functions.LocaleFunctions.#ctor(Microsoft.WinGet.RestSource.Common.IApiDataStore)">
            <summary>
            Initializes a new instance of the <see cref="T:Microsoft.WinGet.RestSource.Functions.LocaleFunctions"/> class.
            </summary>
            <param name="dataStore">Data Store.</param>
        </member>
        <member name="M:Microsoft.WinGet.RestSource.Functions.LocaleFunctions.LocalePostAsync(Microsoft.AspNetCore.Http.HttpRequest,System.String,System.String,Microsoft.Extensions.Logging.ILogger)">
            <summary>
            Locale Post Function.
            This allows us to make post requests for locales.
            </summary>
            <param name="req">HttpRequest.</param>
            <param name="packageIdentifier">Package ID.</param>
            <param name="packageVersion">Version ID.</param>
            <param name="log">ILogger.</param>
            <returns>IActionResult.</returns>
        </member>
        <member name="M:Microsoft.WinGet.RestSource.Functions.LocaleFunctions.LocaleDeleteAsync(Microsoft.AspNetCore.Http.HttpRequest,System.String,System.String,System.String,Microsoft.Extensions.Logging.ILogger)">
            <summary>
            Locale Delete Function.
            This allows us to make delete requests for locales.
            </summary>
            <param name="req">HttpRequest.</param>
            <param name="packageIdentifier">Package ID.</param>
            <param name="packageVersion">Version ID.</param>
            <param name="packageLocale">Package locale.</param>
            <param name="log">ILogger.</param>
            <returns>IActionResult.</returns>
        </member>
        <member name="M:Microsoft.WinGet.RestSource.Functions.LocaleFunctions.LocalePutAsync(Microsoft.AspNetCore.Http.HttpRequest,System.String,System.String,System.String,Microsoft.Extensions.Logging.ILogger)">
            <summary>
            Locale Put Function.
            This allows us to make put requests for locale.
            </summary>
            <param name="req">HttpRequest.</param>
            <param name="packageIdentifier">Package ID.</param>
            <param name="packageVersion">Version ID.</param>
            <param name="packageLocale">Package locale.</param>
            <param name="log">ILogger.</param>
            <returns>IActionResult.</returns>
        </member>
        <member name="M:Microsoft.WinGet.RestSource.Functions.LocaleFunctions.LocaleGetAsync(Microsoft.AspNetCore.Http.HttpRequest,System.String,System.String,System.String,Microsoft.Extensions.Logging.ILogger)">
            <summary>
            Locale Get Function.
            This allows us to make put requests for locales.
            </summary>
            <param name="req">HttpRequest.</param>
            <param name="packageIdentifier">Package ID.</param>
            <param name="packageVersion">Version ID.</param>
            <param name="packageLocale">Package locale.</param>
            <param name="log">ILogger.</param>
            <returns>IActionResult.</returns>
        </member>
        <member name="T:Microsoft.WinGet.RestSource.Functions.ManifestSearchFunctions">
            <summary>
            This class contains the functions for searching manifests.
            </summary>
        </member>
        <member name="M:Microsoft.WinGet.RestSource.Functions.ManifestSearchFunctions.#ctor(Microsoft.WinGet.RestSource.Common.IApiDataStore)">
            <summary>
            Initializes a new instance of the <see cref="T:Microsoft.WinGet.RestSource.Functions.ManifestSearchFunctions"/> class.
            </summary>
            <param name="dataStore">Data Store.</param>
        </member>
        <member name="M:Microsoft.WinGet.RestSource.Functions.ManifestSearchFunctions.ManifestSearchPostAsync(Microsoft.AspNetCore.Http.HttpRequest,Microsoft.Extensions.Logging.ILogger)">
            <summary>
            Manifest Search Post Function.
            This also allows us to query manifests.
            </summary>
            <param name="req">HttpRequest.</param>
            <param name="log">ILogger.</param>
            <returns>IActionResult.</returns>
        </member>
        <member name="T:Microsoft.WinGet.RestSource.Functions.PackageFunctions">
            <summary>
            This class contains the functions for interacting with packages.
            </summary>
        </member>
        <member name="M:Microsoft.WinGet.RestSource.Functions.PackageFunctions.#ctor(Microsoft.WinGet.RestSource.Common.IApiDataStore)">
            <summary>
            Initializes a new instance of the <see cref="T:Microsoft.WinGet.RestSource.Functions.PackageFunctions"/> class.
            </summary>
            <param name="dataStore">Data Store.</param>
        </member>
        <member name="M:Microsoft.WinGet.RestSource.Functions.PackageFunctions.PackagesPostAsync(Microsoft.AspNetCore.Http.HttpRequest,Microsoft.Extensions.Logging.ILogger)">
            <summary>
            Package Post Function.
            This allows us to handle post requests for manifests.
            </summary>
            <param name="req">HttpRequest.</param>
            <param name="log">ILogger.</param>
            <returns>IActionResult.</returns>
        </member>
        <member name="M:Microsoft.WinGet.RestSource.Functions.PackageFunctions.PackageDeleteAsync(Microsoft.AspNetCore.Http.HttpRequest,System.String,Microsoft.Extensions.Logging.ILogger)">
            <summary>
            Package Delete Function.
            This allows us to make delete requests for packages.
            This will delete all sub resources as well.
            </summary>
            <param name="req">HttpRequest.</param>
            <param name="packageIdentifier">Package ID.</param>
            <param name="log">ILogger.</param>
            <returns>IActionResult.</returns>
        </member>
        <member name="M:Microsoft.WinGet.RestSource.Functions.PackageFunctions.PackagesPutAsync(Microsoft.AspNetCore.Http.HttpRequest,System.String,Microsoft.Extensions.Logging.ILogger)">
            <summary>
            Package Put Function.
            This allows us to make put requests for packages.
            </summary>
            <param name="req">HttpRequest.</param>
            <param name="packageIdentifier">Package ID.</param>
            <param name="log">ILogger.</param>
            <returns>IActionResult.</returns>
        </member>
        <member name="M:Microsoft.WinGet.RestSource.Functions.PackageFunctions.PackagesGetAsync(Microsoft.AspNetCore.Http.HttpRequest,System.String,Microsoft.Extensions.Logging.ILogger)">
            <summary>
            Manifest Get Function.
            This allows us to make Get requests for manifests.
            This also allows us to query manifests.
            </summary>
            <param name="req">HttpRequest.</param>
            <param name="packageIdentifier">Package ID.</param>
            <param name="log">ILogger.</param>
            <returns>IActionResult.</returns>
        </member>
        <member name="T:Microsoft.WinGet.RestSource.Functions.PackageManifestFunctions">
            <summary>
            This class contains the functions for interacting with manifests.
            </summary>
        </member>
        <member name="M:Microsoft.WinGet.RestSource.Functions.PackageManifestFunctions.#ctor(Microsoft.WinGet.RestSource.Common.IApiDataStore)">
            <summary>
            Initializes a new instance of the <see cref="T:Microsoft.WinGet.RestSource.Functions.PackageManifestFunctions"/> class.
            </summary>
            <param name="dataStore">Data Store.</param>
        </member>
        <member name="M:Microsoft.WinGet.RestSource.Functions.PackageManifestFunctions.ManifestPostAsync(Microsoft.AspNetCore.Http.HttpRequest,Microsoft.Extensions.Logging.ILogger)">
            <summary>
            Manifest Post Function.
            This allows us to handle post requests for manifests.
            </summary>
            <param name="req">HttpRequest.</param>
            <param name="log">ILogger.</param>
            <returns>IActionResult.</returns>
        </member>
        <member name="M:Microsoft.WinGet.RestSource.Functions.PackageManifestFunctions.ManifestDeleteAsync(Microsoft.AspNetCore.Http.HttpRequest,System.String,Microsoft.Extensions.Logging.ILogger)">
            <summary>
            Manifest Delete Function.
            This allows us to make delete requests for manifests.
            </summary>
            <param name="req">HttpRequest.</param>
            <param name="packageIdentifier">Package Identifier.</param>
            <param name="log">ILogger.</param>
            <returns>IActionResult.</returns>
        </member>
        <member name="M:Microsoft.WinGet.RestSource.Functions.PackageManifestFunctions.ManifestPutAsync(Microsoft.AspNetCore.Http.HttpRequest,System.String,Microsoft.Extensions.Logging.ILogger)">
            <summary>
            Manifest Put Function.
            This allows us to make put requests for manifests.
            </summary>
            <param name="req">HttpRequest.</param>
            <param name="packageIdentifier">Manifest ID.</param>
            <param name="log">ILogger.</param>
            <returns>IActionResult.</returns>
        </member>
        <member name="M:Microsoft.WinGet.RestSource.Functions.PackageManifestFunctions.ManifestGetAsync(Microsoft.AspNetCore.Http.HttpRequest,System.String,Microsoft.Extensions.Logging.ILogger)">
            <summary>
            Manifest Get Function.
            This allows us to make Get requests for manifests.
            </summary>
            <param name="req">HttpRequest.</param>
            <param name="packageIdentifier">Package ID.</param>
            <param name="log">ILogger.</param>
            <returns>IActionResult.</returns>
        </member>
        <member name="T:Microsoft.WinGet.RestSource.Functions.ServerFunctions">
            <summary>
            This class contains the functions for interacting with packages.
            </summary>
        </member>
        <member name="M:Microsoft.WinGet.RestSource.Functions.ServerFunctions.#ctor(Microsoft.WinGet.RestSource.Cosmos.ICosmosDatabase)">
            <summary>
            Initializes a new instance of the <see cref="T:Microsoft.WinGet.RestSource.Functions.ServerFunctions"/> class.
            </summary>
            <param name="cosmosDatabase">Cosmos Database.</param>
        </member>
        <member name="M:Microsoft.WinGet.RestSource.Functions.ServerFunctions.InformationGetAsync(Microsoft.AspNetCore.Http.HttpRequest,Microsoft.Extensions.Logging.ILogger)">
            <summary>
            Server Information Get Function.
            This allows us to make Get Server Information.
            </summary>
            <param name="req">HttpRequest.</param>
            <param name="log">ILogger.</param>
            <returns>IActionResult.</returns>
        </member>
        <member name="T:Microsoft.WinGet.RestSource.Functions.Startup">
            <summary>
            Azure function startup class.
            </summary>
        </member>
        <member name="M:Microsoft.WinGet.RestSource.Functions.Startup.Configure(Microsoft.Azure.Functions.Extensions.DependencyInjection.IFunctionsHostBuilder)">
            <inheritdoc />
        </member>
        <member name="M:Microsoft.WinGet.RestSource.Functions.Startup.CreateCosmosDatabase">
            <summary>
            This instantiates a Cosmos DB from the Endpoint and Account Key.
            </summary>
            <returns>Cosmos Database.</returns>
        </member>
        <member name="T:Microsoft.WinGet.RestSource.Functions.VersionFunctions">
            <summary>
            This class contains the functions for interacting with versions.
            </summary>
            TODO: Refactor duplicate code to library.
        </member>
        <member name="M:Microsoft.WinGet.RestSource.Functions.VersionFunctions.#ctor(Microsoft.WinGet.RestSource.Common.IApiDataStore)">
            <summary>
            Initializes a new instance of the <see cref="T:Microsoft.WinGet.RestSource.Functions.VersionFunctions"/> class.
            </summary>
            <param name="dataStore">Data Store.</param>
        </member>
        <member name="M:Microsoft.WinGet.RestSource.Functions.VersionFunctions.VersionsPostAsync(Microsoft.AspNetCore.Http.HttpRequest,System.String,Microsoft.Extensions.Logging.ILogger)">
            <summary>
            Version Post Function.
            This allows us to make post requests for versions.
            </summary>
            <param name="req">HttpRequest.</param>
            <param name="packageIdentifier">Package ID.</param>
            <param name="log">ILogger.</param>
            <returns>IActionResult.</returns>
        </member>
        <member name="M:Microsoft.WinGet.RestSource.Functions.VersionFunctions.VersionsDeleteAsync(Microsoft.AspNetCore.Http.HttpRequest,System.String,System.String,Microsoft.Extensions.Logging.ILogger)">
            <summary>
            Version Delete Function.
            This allows us to make Delete requests for versions.
            </summary>
            <param name="req">HttpRequest.</param>
            <param name="packageIdentifier">Package ID.</param>
            <param name="packageVersion">Version ID.</param>
            <param name="log">ILogger.</param>
            <returns>IActionResult.</returns>
        </member>
        <member name="M:Microsoft.WinGet.RestSource.Functions.VersionFunctions.VersionsPutAsync(Microsoft.AspNetCore.Http.HttpRequest,System.String,System.String,Microsoft.Extensions.Logging.ILogger)">
            <summary>
            Version Put Function.
            This allows us to make put requests for versions.
            </summary>
            <param name="req">HttpRequest.</param>
            <param name="packageIdentifier">Package ID.</param>
            <param name="packageVersion">Version ID.</param>
            <param name="log">ILogger.</param>
            <returns>IActionResult.</returns>
        </member>
        <member name="M:Microsoft.WinGet.RestSource.Functions.VersionFunctions.VersionsGetAsync(Microsoft.AspNetCore.Http.HttpRequest,System.String,System.String,Microsoft.Extensions.Logging.ILogger)">
            <summary>
            Version Get Function.
            This allows us to make get requests for versions.
            </summary>
            <param name="req">HttpRequest.</param>
            <param name="packageIdentifier">Package ID.</param>
            <param name="packageVersion">Version ID.</param>
            <param name="log">ILogger.</param>
            <returns>IActionResult.</returns>
        </member>
    </members>
</doc>
