{
  "generatedBy": "Microsoft.NET.Sdk.Functions-3.0.11",
  "configurationSource": "attributes",
  "bindings": [
    {
      "type": "httpTrigger",
      "route": "packages/{packageIdentifier}/versions",
      "methods": [
        "post"
      ],
      "authLevel": "function",
      "name": "req"
    }
  ],
  "disabled": false,
  "scriptFile": "../bin/Microsoft.WinGet.RestSource.Functions.dll",
  "entryPoint": "Microsoft.WinGet.RestSource.Functions.VersionFunctions.VersionsPostAsync"
}